{"stat.chestOpened":1,"stat.useItem.minecraft.iron_bars":32,"stat.useItem.minecraft.dark_oak_door":13,"stat.walkOneCm":561250,"stat.useItem.minecraft.painting":11,"stat.useItem.minecraft.quartz_block":3,"stat.trappedChestTriggered":5,"stat.useItem.minecraft.chest":19,"stat.useItem.minecraft.bed":4,"stat.useItem.minecraft.tripwire_hook":5,"achievement.openInventory":96,"stat.useItem.minecraft.stone":6,"stat.useItem.minecraft.quartz_stairs":7,"stat.leaveGame":2,"stat.useItem.minecraft.flint_and_steel":3,"stat.useItem.minecraft.log":1,"stat.useItem.minecraft.oak_stairs":30,"stat.useItem.minecraft.hopper":3,"stat.useItem.minecraft.spruce_fence_gate":1,"stat.useItem.minecraft.wooden_door":1,"stat.flyOneCm":149053,"stat.drop":12,"stat.jump":1041,"stat.playOneMinute":115257,"stat.useItem.minecraft.planks":3060,"stat.useItem.minecraft.redstone":39,"stat.useItem.minecraft.trapped_chest":11,"stat.damageDealt":90,"stat.useItem.minecraft.wool":510,"stat.crouchOneCm":113556,"stat.timeSinceDeath":115257,"stat.useItem.minecraft.redstone_torch":43,"stat.hopperInspected":1,"stat.useItem.minecraft.dirt":18,"stat.useItem.minecraft.trapdoor":8,"stat.sprintOneCm":19066,"stat.useItem.minecraft.sign":6,"stat.useItem.minecraft.wooden_slab":77,"achievement.exploreAllBiomes":{"value":0,"progress":["Plains"]},"stat.useItem.minecraft.fence":48,"stat.useItem.minecraft.iron_door":1,"stat.useItem.minecraft.netherrack":18}