{"stat.chestOpened":43,"stat.useItem.minecraft.string":18,"stat.useItem.minecraft.bow":9,"stat.useItem.minecraft.sticky_piston":14,"stat.useItem.minecraft.painting":83,"stat.useItem.minecraft.repeater":23,"stat.useItem.minecraft.iron_axe":75,"stat.leaveGame":4,"stat.killEntity.Slime":1,"stat.useItem.minecraft.bookshelf":11,"stat.useItem.minecraft.diamond_axe":17,"stat.useItem.minecraft.diamond_sword":38,"stat.useItem.minecraft.potion":1,"stat.jump":1754,"stat.useItem.minecraft.iron_trapdoor":2,"stat.useItem.minecraft.planks":2360,"stat.fallOneCm":5597,"stat.mineBlock.minecraft.web":129,"stat.useItem.minecraft.trapped_chest":11,"stat.crouchOneCm":67842,"stat.useItem.minecraft.redstone_torch":58,"stat.useItem.minecraft.dirt":109,"stat.useItem.minecraft.stone_button":2,"achievement.exploreAllBiomes":{"value":0,"progress":["Plains"]},"stat.craftingTableInteraction":4,"stat.useItem.minecraft.glass":2,"stat.useItem.minecraft.dispenser":1,"stat.useItem.minecraft.redstone_lamp":10,"stat.damageTaken":5405,"stat.mineBlock.minecraft.wooden_slab":5,"stat.noteblockTuned":34,"stat.useItem.minecraft.anvil":2,"stat.flyOneCm":479925,"stat.killEntity.Witch":1,"stat.damageDealt":7650,"stat.useItem.minecraft.wool":179,"stat.timeSinceDeath":379,"stat.hopperInspected":8,"stat.killEntity.Cow":1,"stat.useItem.minecraft.crafting_table":3,"stat.useItem.minecraft.sign":2,"stat.useItem.minecraft.spawn_egg":2,"stat.useItem.minecraft.wooden_slab":161,"stat.useItem.minecraft.iron_door":4,"stat.useItem.minecraft.iron_bars":1,"stat.useItem.minecraft.command_block":6,"stat.walkOneCm":1901166,"stat.craftItem.minecraft.bed":1,"stat.trappedChestTriggered":18,"stat.useItem.minecraft.chest":16,"stat.playerKills":9,"stat.useItem.minecraft.lever":17,"stat.useItem.minecraft.oak_stairs":36,"stat.killEntity.Creeper":3,"stat.noteblockPlayed":1,"stat.useItem.minecraft.redstone":96,"stat.useItem.minecraft.item_frame":2,"stat.useItem.minecraft.trapdoor":32,"stat.sprintOneCm":690708,"stat.useItem.minecraft.stained_glass":3,"stat.useItem.minecraft.fence":11,"stat.useItem.minecraft.birch_door":3,"stat.killEntity.Skeleton":2,"stat.useItem.minecraft.dark_oak_door":2,"stat.useItem.minecraft.stone_slab":16,"stat.useItem.minecraft.tripwire_hook":2,"stat.useItem.minecraft.bed":2,"achievement.openInventory":267,"stat.killEntity.Chicken":2,"stat.mineBlock.minecraft.redstone_torch":6,"stat.useItem.minecraft.iron_block":22,"stat.killEntity.Spider":3,"stat.useItem.minecraft.stone_pressure_plate":10,"stat.useItem.minecraft.hopper":3,"stat.mobKills":17,"stat.craftItem.minecraft.shears":1,"stat.mineBlock.minecraft.oak_stairs":3,"stat.useItem.minecraft.monster_egg":17,"stat.deaths":30,"stat.mineBlock.minecraft.planks":49,"stat.useItem.minecraft.spruce_door":12,"stat.drop":68,"stat.playOneMinute":354390,"stat.useItem.minecraft.shears":130,"stat.killEntity.Zombie":4,"stat.useItem.minecraft.web":248}