{"stat.useItem.minecraft.iron_bars":1,"stat.flyOneCm":5437,"stat.useItem.minecraft.dispenser":9,"stat.walkOneCm":50632,"stat.useItem.minecraft.spruce_door":1,"stat.useItem.minecraft.sticky_piston":2,"stat.jump":70,"stat.useItem.minecraft.painting":2,"stat.playOneMinute":7446,"stat.useItem.minecraft.lever":4,"achievement.openInventory":10,"stat.useItem.minecraft.planks":51,"stat.useItem.minecraft.redstone":8,"stat.useItem.minecraft.repeater":4,"stat.leaveGame":1,"stat.crouchOneCm":481,"stat.timeSinceDeath":7446,"stat.dispenserInspected":1,"stat.useItem.minecraft.redstone_torch":1,"stat.useItem.minecraft.dirt":12,"stat.sprintOneCm":19099,"achievement.exploreAllBiomes":{"value":0,"progress":["Plains"]}}