{"stat.chestOpened":55,"stat.useItem.minecraft.string":4,"stat.useItem.minecraft.painting":53,"stat.useItem.minecraft.stone":5,"stat.useItem.minecraft.repeater":9,"stat.useItem.minecraft.iron_axe":88,"stat.leaveGame":3,"stat.useItem.minecraft.diamond_axe":4,"stat.useItem.minecraft.diamond_sword":20,"stat.useItem.minecraft.potion":220,"stat.jump":2484,"stat.useItem.minecraft.iron_trapdoor":1,"stat.useItem.minecraft.planks":2525,"stat.fallOneCm":9629,"stat.mineBlock.minecraft.web":135,"stat.useItem.minecraft.trapped_chest":19,"stat.crouchOneCm":182320,"stat.useItem.minecraft.redstone_torch":65,"stat.useItem.minecraft.stone_button":1,"stat.useItem.minecraft.dirt":152,"achievement.exploreAllBiomes":{"value":0,"progress":["Plains"]},"stat.craftingTableInteraction":1,"stat.useItem.minecraft.egg":2,"stat.damageTaken":3935,"stat.noteblockTuned":3,"stat.mineBlock.minecraft.wooden_slab":15,"stat.flyOneCm":492801,"stat.damageDealt":6665,"stat.useItem.minecraft.wool":116,"stat.timeSinceDeath":50946,"stat.hopperInspected":2,"stat.useItem.minecraft.spawn_egg":22,"stat.useItem.minecraft.wooden_slab":28,"stat.useItem.minecraft.iron_door":3,"stat.useItem.minecraft.iron_bars":35,"stat.useItem.minecraft.command_block":1,"stat.useItem.minecraft.noteblock":1,"stat.walkOneCm":1646262,"stat.useItem.minecraft.torch":22,"stat.trappedChestTriggered":40,"stat.useItem.minecraft.chest":20,"stat.playerKills":18,"stat.useItem.minecraft.lever":3,"stat.useItem.minecraft.oak_stairs":24,"stat.killEntity.Creeper":1,"stat.useItem.minecraft.redstone":29,"stat.useItem.minecraft.item_frame":4,"stat.useItem.minecraft.stained_hardened_clay":9,"stat.useItem.minecraft.trapdoor":5,"stat.sprintOneCm":319133,"stat.useItem.minecraft.fence":7,"stat.useItem.minecraft.birch_door":2,"stat.killEntity.Skeleton":1,"stat.useItem.minecraft.dark_oak_door":3,"stat.useItem.minecraft.stone_slab":32,"stat.useItem.minecraft.bed":2,"stat.useItem.minecraft.tripwire_hook":1,"achievement.openInventory":217,"stat.killEntity.Chicken":3,"stat.mineBlock.minecraft.fence":1,"stat.mineBlock.minecraft.redstone_torch":8,"stat.useItem.minecraft.iron_block":10,"stat.killEntity.Spider":2,"stat.mobKills":8,"stat.mineBlock.minecraft.planks":4,"stat.deaths":18,"stat.useItem.minecraft.spruce_door":1,"stat.drop":83,"stat.playOneMinute":267487,"stat.useItem.minecraft.shears":136,"stat.useItem.minecraft.web":222}